FisheriesGuild,Year,Metric,Value
benthic,1980,F_FMEAN,0.557273285512811
benthic,1981,F_FMEAN,0.615636366090166
benthic,1982,F_FMEAN,0.70788768700276
benthic,1983,F_FMEAN,0.918747849088688
benthic,1984,F_FMEAN,0.64450412637574
benthic,1985,F_FMEAN,0.680275046729603
benthic,1986,F_FMEAN,0.791980727834648
benthic,1987,F_FMEAN,0.826182748172991
benthic,1988,F_FMEAN,1.05806617046689
benthic,1989,F_FMEAN,1.06277287051345
benthic,1990,F_FMEAN,0.921571869116625
benthic,1991,F_FMEAN,0.913099809032815
benthic,1992,F_FMEAN,0.992799929821247
benthic,1993,F_FMEAN,0.826496528176095
benthic,1994,F_FMEAN,0.857874528486501
benthic,1995,F_FMEAN,0.789470487809816
benthic,1996,F_FMEAN,0.771898807635988
benthic,1997,F_FMEAN,0.768447227601843
benthic,1998,F_FMEAN,0.79135316782844
benthic,1999,F_FMEAN,0.815828008070557
benthic,2000,F_FMEAN,0.761544067533554
benthic,2001,F_FMEAN,0.76970234761426
benthic,2002,F_FMEAN,0.799511447909145
benthic,2003,F_FMEAN,1.13794559411424
benthic,2004,F_FMEAN,1.06505898196464
benthic,2005,F_FMEAN,1.12611160542574
benthic,2006,F_FMEAN,0.944298506484305
benthic,2007,F_FMEAN,0.860653722799708
benthic,2008,F_FMEAN,0.741775927337998
benthic,2009,F_FMEAN,0.830530842501718
benthic,2010,F_FMEAN,0.802021687933978
benthic,2011,F_FMEAN,0.835372019692467
benthic,2012,F_FMEAN,0.809552408008475
benthic,2013,F_FMEAN,0.846668099804213
benthic,2014,F_FMEAN,0.959359946633299
benthic,2015,F_FMEAN,0.964739032400798
benthic,2016,F_FMEAN,0.790456653533857
benthic,2017,F_FMEAN,0.714342589923758
benthic,2018,F_FMEAN,0.52983994809857
benthic,2019,F_FMEAN,0.483310856209711
benthic,2020,F_FMEAN,0.421720324171857
benthic,1980,F_FMSY,1.09666666666667
benthic,1981,F_FMSY,1.19625
benthic,1982,F_FMSY,1.32333333333333
benthic,1983,F_FMSY,1.52666666666667
benthic,1984,F_FMSY,1.25784259479613
benthic,1985,F_FMSY,1.34773461050294
benthic,1986,F_FMSY,1.77712947396309
benthic,1987,F_FMSY,1.89793216478686
benthic,1988,F_FMSY,2.33073901675849
benthic,1989,F_FMSY,2.3106076740783
benthic,1990,F_FMSY,2.03574897524171
benthic,1991,F_FMSY,2.03151148360245
benthic,1992,F_FMSY,2.21002350196169
benthic,1993,F_FMSY,1.86840098307476
benthic,1994,F_FMSY,1.89579790056854
benthic,1995,F_FMSY,1.79720242605998
benthic,1996,F_FMSY,1.74495654621885
benthic,1997,F_FMSY,1.73758379369089
benthic,1998,F_FMSY,1.85132859927072
benthic,1999,F_FMSY,1.82556908348787
benthic,2000,F_FMSY,1.6840237043021
benthic,2001,F_FMSY,1.65619283839437
benthic,2002,F_FMSY,1.62817643852899
benthic,2003,F_FMSY,1.54021213750203
benthic,2004,F_FMSY,1.59560578614382
benthic,2005,F_FMSY,1.6931288384555
benthic,2006,F_FMSY,1.69614331683356
benthic,2007,F_FMSY,1.51529346765945
benthic,2008,F_FMSY,1.31022430065855
benthic,2009,F_FMSY,1.24968154537206
benthic,2010,F_FMSY,1.14962825352044
benthic,2011,F_FMSY,1.22177998278941
benthic,2012,F_FMSY,1.19941966322477
benthic,2013,F_FMSY,1.21529817713622
benthic,2014,F_FMSY,1.38840908822486
benthic,2015,F_FMSY,1.42327216549751
benthic,2016,F_FMSY,1.1165218052113
benthic,2017,F_FMSY,1.02517822317105
benthic,2018,F_FMSY,0.903460494322935
benthic,2019,F_FMSY,0.779524142284111
benthic,2020,F_FMSY,0.657669166294608
benthic,1980,SSB_MSYBtrigger,2.14123507878402
benthic,1981,SSB_MSYBtrigger,2.2661753939201
benthic,1982,SSB_MSYBtrigger,2.29803437848162
benthic,1983,SSB_MSYBtrigger,2.18728632818717
benthic,1984,SSB_MSYBtrigger,1.69616644128032
benthic,1985,SSB_MSYBtrigger,1.68028672307966
benthic,1986,SSB_MSYBtrigger,1.76470088644162
benthic,1987,SSB_MSYBtrigger,1.80591655421566
benthic,1988,SSB_MSYBtrigger,1.78209913048364
benthic,1989,SSB_MSYBtrigger,1.64466768310038
benthic,1990,SSB_MSYBtrigger,1.55912461092498
benthic,1991,SSB_MSYBtrigger,1.39921785980231
benthic,1992,SSB_MSYBtrigger,1.34275746640361
benthic,1993,SSB_MSYBtrigger,1.32592951821692
benthic,1994,SSB_MSYBtrigger,1.23579422369023
benthic,1995,SSB_MSYBtrigger,1.18179291498337
benthic,1996,SSB_MSYBtrigger,1.20422602195549
benthic,1997,SSB_MSYBtrigger,1.21539859591352
benthic,1998,SSB_MSYBtrigger,1.24411047906312
benthic,1999,SSB_MSYBtrigger,1.12790100527751
benthic,2000,SSB_MSYBtrigger,1.03914992009345
benthic,2001,SSB_MSYBtrigger,0.968033055897128
benthic,2002,SSB_MSYBtrigger,0.918484798512022
benthic,2003,SSB_MSYBtrigger,0.947828972749317
benthic,2004,SSB_MSYBtrigger,0.971893298816979
benthic,2005,SSB_MSYBtrigger,1.00911683182487
benthic,2006,SSB_MSYBtrigger,1.04594620737758
benthic,2007,SSB_MSYBtrigger,1.07411276428539
benthic,2008,SSB_MSYBtrigger,1.14665919781967
benthic,2009,SSB_MSYBtrigger,1.21992145571677
benthic,2010,SSB_MSYBtrigger,1.2527721729491
benthic,2011,SSB_MSYBtrigger,1.31540585526255
benthic,2012,SSB_MSYBtrigger,1.41170433037036
benthic,2013,SSB_MSYBtrigger,1.42953639107785
benthic,2014,SSB_MSYBtrigger,1.51264051269074
benthic,2015,SSB_MSYBtrigger,1.51556622483965
benthic,2016,SSB_MSYBtrigger,1.5906869108667
benthic,2017,SSB_MSYBtrigger,1.69418490263095
benthic,2018,SSB_MSYBtrigger,1.797314648548
benthic,2019,SSB_MSYBtrigger,1.9004186137965
benthic,2020,SSB_MSYBtrigger,2.0603353311856
benthic,2021,SSB_MSYBtrigger,2.26774081577066
benthic,1980,SSB_SSBMEAN,0.611088676394604
benthic,1981,SSB_SSBMEAN,0.708818046053311
benthic,1982,SSB_SSBMEAN,0.741560497289286
benthic,1983,SSB_SSBMEAN,0.6627545215008
benthic,1984,SSB_SSBMEAN,1.89485005660357
benthic,1985,SSB_SSBMEAN,1.92746801182724
benthic,1986,SSB_SSBMEAN,1.57118117394833
benthic,1987,SSB_SSBMEAN,1.6923261685879
benthic,1988,SSB_SSBMEAN,1.57842269199735
benthic,1989,SSB_SSBMEAN,1.38684407839675
benthic,1990,SSB_SSBMEAN,1.24613246049005
benthic,1991,SSB_SSBMEAN,1.24111112132712
benthic,1992,SSB_SSBMEAN,1.22394104629685
benthic,1993,SSB_SSBMEAN,1.27578326075381
benthic,1994,SSB_SSBMEAN,1.21500845741403
benthic,1995,SSB_SSBMEAN,1.26448524763721
benthic,1996,SSB_SSBMEAN,1.20682284460504
benthic,1997,SSB_SSBMEAN,1.24627770583774
benthic,1998,SSB_SSBMEAN,1.26317803950802
benthic,1999,SSB_SSBMEAN,1.12490446850895
benthic,2000,SSB_SSBMEAN,1.0354125849977
benthic,2001,SSB_SSBMEAN,1.04549676199433
benthic,2002,SSB_SSBMEAN,0.948918980449432
benthic,2003,SSB_SSBMEAN,0.906880826961419
benthic,2004,SSB_SSBMEAN,0.853669156369115
benthic,2005,SSB_SSBMEAN,0.88191937649445
benthic,2006,SSB_SSBMEAN,0.901786865124644
benthic,2007,SSB_SSBMEAN,0.95991612820296
benthic,2008,SSB_SSBMEAN,1.07102881918436
benthic,2009,SSB_SSBMEAN,1.22528975309681
benthic,2010,SSB_SSBMEAN,1.19625105822688
benthic,2011,SSB_SSBMEAN,1.12464510181665
benthic,2012,SSB_SSBMEAN,1.17940259789506
benthic,2013,SSB_SSBMEAN,1.22905575746901
benthic,2014,SSB_SSBMEAN,1.3936498604027
benthic,2015,SSB_SSBMEAN,1.41320610900214
benthic,2016,SSB_SSBMEAN,1.49959596687348
benthic,2017,SSB_SSBMEAN,1.56759153892689
benthic,2018,SSB_SSBMEAN,1.79153911572656
benthic,2019,SSB_SSBMEAN,1.9018114586249
benthic,2020,SSB_SSBMEAN,1.99117884612385
benthic,2021,SSB_SSBMEAN,2.31251342854839
crustacean,1975,F_FMEAN,0.94739230814768
crustacean,1976,F_FMEAN,0.907749077490775
crustacean,1977,F_FMEAN,0.976787628838855
crustacean,1978,F_FMEAN,1.08169386506699
crustacean,1979,F_FMEAN,1.00186804007078
crustacean,1980,F_FMEAN,1.08951463846189
crustacean,1981,F_FMEAN,1.06011931777072
crustacean,1982,F_FMEAN,1.06901881853043
crustacean,1983,F_FMEAN,0.944605595788578
crustacean,1984,F_FMEAN,1.08034545586098
crustacean,1985,F_FMEAN,1.17239685765842
crustacean,1986,F_FMEAN,1.11935942888841
crustacean,1987,F_FMEAN,1.18372349498896
crustacean,1988,F_FMEAN,1.35578050967675
crustacean,1989,F_FMEAN,1.34157726604004
crustacean,1990,F_FMEAN,1.24916628845433
crustacean,1991,F_FMEAN,1.40630090792887
crustacean,1992,F_FMEAN,1.49098100606675
crustacean,1993,F_FMEAN,1.48990227870193
crustacean,1994,F_FMEAN,1.58896540837066
crustacean,1995,F_FMEAN,1.65674544445979
crustacean,1996,F_FMEAN,1.92606770987496
crustacean,1997,F_FMEAN,2.17651224640589
crustacean,1998,F_FMEAN,1.52599469844966
crustacean,1999,F_FMEAN,1.17486894120278
crustacean,2000,F_FMEAN,1.08182870598759
crustacean,2001,F_FMEAN,1.08074997862278
crustacean,2002,F_FMEAN,1.13832705171972
crustacean,2003,F_FMEAN,1.17850964605903
crustacean,2004,F_FMEAN,1.06874913668923
crustacean,2005,F_FMEAN,1.01845347330479
crustacean,2006,F_FMEAN,1.12551716426255
crustacean,2007,F_FMEAN,1.23810933296499
crustacean,2008,F_FMEAN,1.14102387013175
crustacean,2009,F_FMEAN,0.901950917904901
crustacean,2010,F_FMEAN,0.793943340502924
crustacean,2011,F_FMEAN,0.593434891568167
crustacean,2012,F_FMEAN,0.31134768566937
crustacean,2013,F_FMEAN,0.178259697035473
crustacean,2014,F_FMEAN,0.125806578921404
crustacean,2015,F_FMEAN,0.135515125204728
crustacean,2016,F_FMEAN,0.902571186139669
crustacean,2017,F_FMEAN,0.858343364182305
crustacean,2018,F_FMEAN,0.547885628588906
crustacean,2019,F_FMEAN,0.464607876025284
crustacean,2020,F_FMEAN,0.649933237300288
crustacean,2021,F_FMEAN,0.0922311896915761
crustacean,1975,F_FMSY,1.7565
crustacean,1976,F_FMSY,1.683
crustacean,1977,F_FMSY,1.811
crustacean,1978,F_FMSY,2.0055
crustacean,1979,F_FMSY,1.8575
crustacean,1980,F_FMSY,2.02
crustacean,1981,F_FMSY,1.9655
crustacean,1982,F_FMSY,1.982
crustacean,1983,F_FMSY,1.75133333333333
crustacean,1984,F_FMSY,2.003
crustacean,1985,F_FMSY,2.17366666666667
crustacean,1986,F_FMSY,2.07533333333333
crustacean,1987,F_FMSY,2.19466666666667
crustacean,1988,F_FMSY,2.51366666666667
crustacean,1989,F_FMSY,2.48733333333333
crustacean,1990,F_FMSY,2.316
crustacean,1991,F_FMSY,2.60733333333333
crustacean,1992,F_FMSY,2.76433333333333
crustacean,1993,F_FMSY,2.76233333333333
crustacean,1994,F_FMSY,2.946
crustacean,1995,F_FMSY,3.07166666666667
crustacean,1996,F_FMSY,3.571
crustacean,1997,F_FMSY,4.03533333333333
crustacean,1998,F_FMSY,3.10795652173913
crustacean,1999,F_FMSY,2.38748913043478
crustacean,2000,F_FMSY,2.29784782608696
crustacean,2001,F_FMSY,2.13515217391304
crustacean,2002,F_FMSY,2.1833152173913
crustacean,2003,F_FMSY,2.23689130434783
crustacean,2004,F_FMSY,2.08946739130435
crustacean,2005,F_FMSY,1.97278260869565
crustacean,2006,F_FMSY,2.1445
crustacean,2007,F_FMSY,2.35827173913043
crustacean,2008,F_FMSY,2.15483695652174
crustacean,2009,F_FMSY,1.69652173913043
crustacean,2010,F_FMSY,1.50213043478261
crustacean,2011,F_FMSY,1.13205434782609
crustacean,2012,F_FMSY,0.614913043478261
crustacean,2013,F_FMSY,0.374858695652174
crustacean,2014,F_FMSY,0.279282608695652
crustacean,2015,F_FMSY,0.306489130434783
crustacean,2016,F_FMSY,0.450546470920384
crustacean,2017,F_FMSY,0.376713946922643
crustacean,2018,F_FMSY,0.317298475437606
crustacean,2019,F_FMSY,0.361288085827216
crustacean,2020,F_FMSY,0.372763862224732
crustacean,2021,F_FMSY,0.171
crustacean,1975,SSB_MSYBtrigger,2.058
crustacean,1976,SSB_MSYBtrigger,1.922
crustacean,1977,SSB_MSYBtrigger,1.864
crustacean,1978,SSB_MSYBtrigger,1.777
crustacean,1979,SSB_MSYBtrigger,1.638
crustacean,1980,SSB_MSYBtrigger,1.566
crustacean,1981,SSB_MSYBtrigger,1.473
crustacean,1982,SSB_MSYBtrigger,1.406
crustacean,1983,SSB_MSYBtrigger,1.712
crustacean,1984,SSB_MSYBtrigger,1.72333333333333
crustacean,1985,SSB_MSYBtrigger,1.76333333333333
crustacean,1986,SSB_MSYBtrigger,1.76333333333333
crustacean,1987,SSB_MSYBtrigger,1.74533333333333
crustacean,1988,SSB_MSYBtrigger,1.74066666666667
crustacean,1989,SSB_MSYBtrigger,1.686
crustacean,1990,SSB_MSYBtrigger,1.55933333333333
crustacean,1991,SSB_MSYBtrigger,1.36533333333333
crustacean,1992,SSB_MSYBtrigger,1.26466666666667
crustacean,1993,SSB_MSYBtrigger,1.16466666666667
crustacean,1994,SSB_MSYBtrigger,1.102
crustacean,1995,SSB_MSYBtrigger,0.936666666666667
crustacean,1996,SSB_MSYBtrigger,0.796666666666667
crustacean,1997,SSB_MSYBtrigger,0.658
crustacean,1998,SSB_MSYBtrigger,0.508
crustacean,1999,SSB_MSYBtrigger,0.472666666666667
crustacean,2000,SSB_MSYBtrigger,0.432
crustacean,2001,SSB_MSYBtrigger,0.430666666666667
crustacean,2002,SSB_MSYBtrigger,0.434666666666667
crustacean,2003,SSB_MSYBtrigger,0.447333333333333
crustacean,2004,SSB_MSYBtrigger,0.426666666666667
crustacean,2005,SSB_MSYBtrigger,0.444666666666667
crustacean,2006,SSB_MSYBtrigger,0.426666666666667
crustacean,2007,SSB_MSYBtrigger,0.360666666666667
crustacean,2008,SSB_MSYBtrigger,0.306
crustacean,2009,SSB_MSYBtrigger,0.263333333333333
crustacean,2010,SSB_MSYBtrigger,0.234666666666667
crustacean,2011,SSB_MSYBtrigger,0.224666666666667
crustacean,2012,SSB_MSYBtrigger,0.231333333333333
crustacean,2013,SSB_MSYBtrigger,0.302
crustacean,2014,SSB_MSYBtrigger,0.340666666666667
crustacean,2015,SSB_MSYBtrigger,0.393333333333333
crustacean,2016,SSB_MSYBtrigger,0.416666666666667
crustacean,2017,SSB_MSYBtrigger,0.398
crustacean,2018,SSB_MSYBtrigger,0.344666666666667
crustacean,2019,SSB_MSYBtrigger,0.342
crustacean,2020,SSB_MSYBtrigger,0.366666666666667
crustacean,2021,SSB_MSYBtrigger,0.374666666666667
demersal,1978,F_FMEAN,0.885660654533584
demersal,1979,F_FMEAN,0.949481759569085
demersal,1980,F_FMEAN,1.11776707745042
demersal,1981,F_FMEAN,1.123643189423
demersal,1982,F_FMEAN,1.17342691585734
demersal,1983,F_FMEAN,1.08316330694524
demersal,1984,F_FMEAN,1.14355667999674
demersal,1985,F_FMEAN,1.39541336815474
demersal,1986,F_FMEAN,1.55439484207949
demersal,1987,F_FMEAN,1.70162409205909
demersal,1988,F_FMEAN,1.71435566799967
demersal,1989,F_FMEAN,1.61372725046927
demersal,1990,F_FMEAN,1.85472945401126
demersal,1991,F_FMEAN,1.82322696482494
demersal,1992,F_FMEAN,2.3456296417204
demersal,1993,F_FMEAN,2.14739247531217
demersal,1994,F_FMEAN,1.70472537337795
demersal,1995,F_FMEAN,1.83171468211866
demersal,1996,F_FMEAN,1.47343507712397
demersal,1997,F_FMEAN,1.41777523871705
demersal,1998,F_FMEAN,1.54549906145434
demersal,1999,F_FMEAN,1.43442422263935
demersal,2000,F_FMEAN,1.61152370847956
demersal,2001,F_FMEAN,1.67632416551049
demersal,2002,F_FMEAN,1.53913327348404
demersal,2003,F_FMEAN,1.40324818411817
demersal,2004,F_FMEAN,1.24198155553742
demersal,2005,F_FMEAN,1.35428058434669
demersal,2006,F_FMEAN,1.54500938545662
demersal,2007,F_FMEAN,1.71721211131968
demersal,2008,F_FMEAN,1.5969150412144
demersal,2009,F_FMEAN,1.42397780135477
demersal,2010,F_FMEAN,1.13090671672244
demersal,2011,F_FMEAN,1.13221251938301
demersal,2012,F_FMEAN,0.917816045050192
demersal,2013,F_FMEAN,0.969803313474251
demersal,2014,F_FMEAN,1.16910144454419
demersal,2015,F_FMEAN,0.697461846078511
demersal,2016,F_FMEAN,0.903778666449033
demersal,2017,F_FMEAN,0.856361707336979
demersal,2018,F_FMEAN,0.85848363666041
demersal,2019,F_FMEAN,0.913735411735901
demersal,2020,F_FMEAN,0.426997470007345
demersal,1978,F_FMSY,2.08692307692308
demersal,1979,F_FMSY,2.23730769230769
demersal,1980,F_FMSY,2.63384615384615
demersal,1981,F_FMSY,2.64769230769231
demersal,1982,F_FMSY,2.765
demersal,1983,F_FMSY,2.55230769230769
demersal,1984,F_FMSY,2.69461538461538
demersal,1985,F_FMSY,2.20160544198741
demersal,1986,F_FMSY,2.41787765275998
demersal,1987,F_FMSY,2.58771862641341
demersal,1988,F_FMSY,2.58461580237286
demersal,1989,F_FMSY,2.73699005737203
demersal,1990,F_FMSY,2.55124296774912
demersal,1991,F_FMSY,2.45348409736534
demersal,1992,F_FMSY,2.51928660948031
demersal,1993,F_FMSY,2.58599147774745
demersal,1994,F_FMSY,2.63941235448115
demersal,1995,F_FMSY,2.75255584024954
demersal,1996,F_FMSY,2.47880215005849
demersal,1997,F_FMSY,2.65613574332981
demersal,1998,F_FMSY,2.50517420486827
demersal,1999,F_FMSY,2.44355066005682
demersal,2000,F_FMSY,2.33902773909653
demersal,2001,F_FMSY,1.98413496351585
demersal,2002,F_FMSY,2.07817342505431
demersal,2003,F_FMSY,2.10470450621066
demersal,2004,F_FMSY,2.10173480755306
demersal,2005,F_FMSY,2.41873558736701
demersal,2006,F_FMSY,2.20786651256057
demersal,2007,F_FMSY,1.94745599621233
demersal,2008,F_FMSY,1.6625225589038
demersal,2009,F_FMSY,1.38555506043558
demersal,2010,F_FMSY,1.15459352197404
demersal,2011,F_FMSY,1.07589163371024
demersal,2012,F_FMSY,1.01447891717262
demersal,2013,F_FMSY,0.994327271208155
demersal,2014,F_FMSY,1.02311800256225
demersal,2015,F_FMSY,0.92635019216844
demersal,2016,F_FMSY,0.968498858129561
demersal,2017,F_FMSY,1.15337311312873
demersal,2018,F_FMSY,1.0052037263967
demersal,2019,F_FMSY,0.957903414471119
demersal,2020,F_FMSY,0.90495961677714
demersal,1978,SSB_MSYBtrigger,1.28980357142857
demersal,1979,SSB_MSYBtrigger,1.66048214285714
demersal,1980,SSB_MSYBtrigger,1.70555357142857
demersal,1981,SSB_MSYBtrigger,1.46325
demersal,1982,SSB_MSYBtrigger,1.17889285714286
demersal,1983,SSB_MSYBtrigger,1.14625
demersal,1984,SSB_MSYBtrigger,1.38139285714286
demersal,1985,SSB_MSYBtrigger,1.39328841083413
demersal,1986,SSB_MSYBtrigger,1.19413338926174
demersal,1987,SSB_MSYBtrigger,1.03482957813998
demersal,1988,SSB_MSYBtrigger,1.04675767018217
demersal,1989,SSB_MSYBtrigger,1.02932430488974
demersal,1990,SSB_MSYBtrigger,1.00226444151486
demersal,1991,SSB_MSYBtrigger,1.00748777564717
demersal,1992,SSB_MSYBtrigger,1.00250023969319
demersal,1993,SSB_MSYBtrigger,0.998367629434324
demersal,1994,SSB_MSYBtrigger,0.922286493288591
demersal,1995,SSB_MSYBtrigger,0.895631411792905
demersal,1996,SSB_MSYBtrigger,0.910605884467881
demersal,1997,SSB_MSYBtrigger,0.829880992329818
demersal,1998,SSB_MSYBtrigger,0.740437380153404
demersal,1999,SSB_MSYBtrigger,0.747213926174497
demersal,2000,SSB_MSYBtrigger,0.786119906519655
demersal,2001,SSB_MSYBtrigger,0.87651875599233
demersal,2002,SSB_MSYBtrigger,0.928508149568552
demersal,2003,SSB_MSYBtrigger,0.962178451581975
demersal,2004,SSB_MSYBtrigger,1.02163602588686
demersal,2005,SSB_MSYBtrigger,1.01193198705657
demersal,2006,SSB_MSYBtrigger,0.937070529721956
demersal,2007,SSB_MSYBtrigger,0.996223813518696
demersal,2008,SSB_MSYBtrigger,1.07073226270374
demersal,2009,SSB_MSYBtrigger,1.29648112416107
demersal,2010,SSB_MSYBtrigger,1.83083425215724
demersal,2011,SSB_MSYBtrigger,2.5553093240652
demersal,2012,SSB_MSYBtrigger,2.76975047938639
demersal,2013,SSB_MSYBtrigger,2.75475395493768
demersal,2014,SSB_MSYBtrigger,2.81839687200384
demersal,2015,SSB_MSYBtrigger,3.08835828139981
demersal,2016,SSB_MSYBtrigger,3.2793748801534
demersal,2017,SSB_MSYBtrigger,3.03766688638543
demersal,2018,SSB_MSYBtrigger,2.65247908676894
demersal,2019,SSB_MSYBtrigger,2.51021866011505
demersal,2020,SSB_MSYBtrigger,2.58599442713327
demersal,2021,SSB_MSYBtrigger,2.69187793624161
demersal,1978,SSB_SSBMEAN,2.82682599637423
demersal,1979,SSB_SSBMEAN,3.63923173413519
demersal,1980,SSB_SSBMEAN,3.73801350897423
demersal,1981,SSB_SSBMEAN,3.20696362672746
demersal,1982,SSB_SSBMEAN,2.58374612176043
demersal,1983,SSB_SSBMEAN,2.51220369529222
demersal,1984,SSB_SSBMEAN,3.02755964262994
demersal,1985,SSB_SSBMEAN,2.90603927382043
demersal,1986,SSB_SSBMEAN,2.15652668668005
demersal,1987,SSB_SSBMEAN,1.57972565752883
demersal,1988,SSB_SSBMEAN,1.71842716704924
demersal,1989,SSB_SSBMEAN,1.68429970759614
demersal,1990,SSB_SSBMEAN,1.57960824654447
demersal,1991,SSB_SSBMEAN,1.55154702128314
demersal,1992,SSB_SSBMEAN,1.49409391293778
demersal,1993,SSB_SSBMEAN,1.46337137203103
demersal,1994,SSB_SSBMEAN,1.14800546804809
demersal,1995,SSB_SSBMEAN,1.12139231159383
demersal,1996,SSB_SSBMEAN,1.3173121074909
demersal,1997,SSB_SSBMEAN,1.12894575158747
demersal,1998,SSB_SSBMEAN,0.909191525865924
demersal,1999,SSB_SSBMEAN,1.04080923933014
demersal,2000,SSB_SSBMEAN,1.1498840437978
demersal,2001,SSB_SSBMEAN,1.36607680299385
demersal,2002,SSB_SSBMEAN,1.40720978451359
demersal,2003,SSB_SSBMEAN,1.43108335133285
demersal,2004,SSB_SSBMEAN,1.62958618888577
demersal,2005,SSB_SSBMEAN,1.55487366583992
demersal,2006,SSB_SSBMEAN,1.26087656100996
demersal,2007,SSB_SSBMEAN,1.52896497529181
demersal,2008,SSB_SSBMEAN,1.82456669690798
demersal,2009,SSB_SSBMEAN,2.7698425319663
demersal,2010,SSB_SSBMEAN,5.07755542950339
demersal,2011,SSB_SSBMEAN,8.28522352213699
demersal,2012,SSB_SSBMEAN,9.31476130696885
demersal,2013,SSB_SSBMEAN,9.3367562980384
demersal,2014,SSB_SSBMEAN,9.7076575976222
demersal,2015,SSB_SSBMEAN,11.0768262232041
demersal,2016,SSB_SSBMEAN,12.0186580027213
demersal,2017,SSB_SSBMEAN,10.9648161441275
demersal,2018,SSB_SSBMEAN,9.2081129961779
demersal,2019,SSB_SSBMEAN,8.49746344485968
demersal,2020,SSB_SSBMEAN,8.79310430347064
demersal,2021,SSB_SSBMEAN,9.35730322030088
elasmobranch,1905,F_FMEAN,0.147498931167165
elasmobranch,1906,F_FMEAN,0.0491663103890552
elasmobranch,1907,F_FMEAN,0.0245831551945276
elasmobranch,1908,F_FMEAN,0.0245831551945276
elasmobranch,1909,F_FMEAN,0.0491663103890552
elasmobranch,1910,F_FMEAN,0.0245831551945276
elasmobranch,1911,F_FMEAN,0.0491663103890552
elasmobranch,1912,F_FMEAN,0.0737494655835827
elasmobranch,1913,F_FMEAN,0.0737494655835827
elasmobranch,1914,F_FMEAN,0.0491663103890552
elasmobranch,1915,F_FMEAN,0.0491663103890552
elasmobranch,1916,F_FMEAN,0
elasmobranch,1917,F_FMEAN,0
elasmobranch,1918,F_FMEAN,0
elasmobranch,1919,F_FMEAN,0.0491663103890552
elasmobranch,1920,F_FMEAN,0.0983326207781103
elasmobranch,1921,F_FMEAN,0.0983326207781103
elasmobranch,1922,F_FMEAN,0.0983326207781103
elasmobranch,1923,F_FMEAN,0.122915775972638
elasmobranch,1924,F_FMEAN,0.122915775972638
elasmobranch,1925,F_FMEAN,0.147498931167165
elasmobranch,1926,F_FMEAN,0.147498931167165
elasmobranch,1927,F_FMEAN,0.172082086361693
elasmobranch,1928,F_FMEAN,0.196665241556221
elasmobranch,1929,F_FMEAN,0.196665241556221
elasmobranch,1930,F_FMEAN,0.245831551945276
elasmobranch,1931,F_FMEAN,0.245831551945276
elasmobranch,1932,F_FMEAN,0.344164172723386
elasmobranch,1933,F_FMEAN,0.442496793501496
elasmobranch,1934,F_FMEAN,0.442496793501496
elasmobranch,1935,F_FMEAN,0.491663103890552
elasmobranch,1936,F_FMEAN,0.467079948696024
elasmobranch,1937,F_FMEAN,0.540829414279607
elasmobranch,1938,F_FMEAN,0.417913638306969
elasmobranch,1939,F_FMEAN,0.467079948696024
elasmobranch,1940,F_FMEAN,0.221248396750748
elasmobranch,1941,F_FMEAN,0.196665241556221
elasmobranch,1942,F_FMEAN,0.245831551945276
elasmobranch,1943,F_FMEAN,0.196665241556221
elasmobranch,1944,F_FMEAN,0.172082086361693
elasmobranch,1945,F_FMEAN,0.147498931167165
elasmobranch,1946,F_FMEAN,0.245831551945276
elasmobranch,1947,F_FMEAN,0.368747327917914
elasmobranch,1948,F_FMEAN,0.442496793501496
elasmobranch,1949,F_FMEAN,0.516246259085079
elasmobranch,1950,F_FMEAN,0.565412569474134
elasmobranch,1951,F_FMEAN,0.81124412141941
elasmobranch,1952,F_FMEAN,0.958743052586575
elasmobranch,1953,F_FMEAN,0.90957674219752
elasmobranch,1954,F_FMEAN,1.00790936297563
elasmobranch,1955,F_FMEAN,1.08165882855921
elasmobranch,1956,F_FMEAN,1.20457460453185
elasmobranch,1957,F_FMEAN,1.20457460453185
elasmobranch,1958,F_FMEAN,1.35207353569902
elasmobranch,1959,F_FMEAN,1.32749038050449
elasmobranch,1960,F_FMEAN,1.54873877725524
elasmobranch,1961,F_FMEAN,1.6962377084224
elasmobranch,1962,F_FMEAN,1.74540401881146
elasmobranch,1963,F_FMEAN,1.96665241556221
elasmobranch,1964,F_FMEAN,1.99123557075673
elasmobranch,1965,F_FMEAN,1.6962377084224
elasmobranch,1966,F_FMEAN,1.49957246686618
elasmobranch,1967,F_FMEAN,1.59790508764429
elasmobranch,1968,F_FMEAN,2.06498503634032
elasmobranch,1969,F_FMEAN,1.99123557075673
elasmobranch,1970,F_FMEAN,1.89290294997862
elasmobranch,1971,F_FMEAN,1.8683197947841
elasmobranch,1972,F_FMEAN,2.1387345019239
elasmobranch,1973,F_FMEAN,2.18790081231295
elasmobranch,1974,F_FMEAN,2.11415134672937
elasmobranch,1975,F_FMEAN,2.11415134672937
elasmobranch,1976,F_FMEAN,2.18790081231295
elasmobranch,1977,F_FMEAN,2.18790081231295
elasmobranch,1978,F_FMEAN,2.53206498503634
elasmobranch,1979,F_FMEAN,2.1387345019239
elasmobranch,1980,F_FMEAN,2.35998289867465
elasmobranch,1981,F_FMEAN,2.38456605386917
elasmobranch,1982,F_FMEAN,1.99123557075673
elasmobranch,1983,F_FMEAN,2.33539974348012
elasmobranch,1984,F_FMEAN,2.31081658828559
elasmobranch,1985,F_FMEAN,2.60581445061992
elasmobranch,1986,F_FMEAN,2.16331765711843
elasmobranch,1987,F_FMEAN,3.04831124412142
elasmobranch,1988,F_FMEAN,2.70414707139803
elasmobranch,1989,F_FMEAN,2.43373236425823
elasmobranch,1990,F_FMEAN,2.50748182984181
elasmobranch,1991,F_FMEAN,2.5812312954254
elasmobranch,1992,F_FMEAN,2.63039760581445
elasmobranch,1993,F_FMEAN,2.45831551945276
elasmobranch,1994,F_FMEAN,2.08956819153484
elasmobranch,1995,F_FMEAN,2.16331765711843
elasmobranch,1996,F_FMEAN,1.79457032920051
elasmobranch,1997,F_FMEAN,1.59790508764429
elasmobranch,1998,F_FMEAN,1.47498931167165
elasmobranch,1999,F_FMEAN,1.30290722530996
elasmobranch,2000,F_FMEAN,1.6962377084224
elasmobranch,2001,F_FMEAN,1.79457032920051
elasmobranch,2002,F_FMEAN,1.22915775972638
elasmobranch,2003,F_FMEAN,1.35207353569902
elasmobranch,2004,F_FMEAN,1.05707567336469
elasmobranch,2005,F_FMEAN,0.958743052586575
elasmobranch,2006,F_FMEAN,0.467079948696024
elasmobranch,2007,F_FMEAN,0.319581017528858
elasmobranch,2008,F_FMEAN,0.196665241556221
elasmobranch,2009,F_FMEAN,0.270414707139803
elasmobranch,2010,F_FMEAN,0.245831551945276
elasmobranch,2011,F_FMEAN,0.245831551945276
elasmobranch,2012,F_FMEAN,0.245831551945276
elasmobranch,2013,F_FMEAN,0.221248396750748
elasmobranch,2014,F_FMEAN,0.221248396750748
elasmobranch,2015,F_FMEAN,0.221248396750748
elasmobranch,2016,F_FMEAN,0.221248396750748
elasmobranch,2017,F_FMEAN,0.196665241556221
elasmobranch,2018,F_FMEAN,0.196665241556221
elasmobranch,2019,F_FMEAN,0.196665241556221
elasmobranch,1905,SSB_MSYBtrigger,2.35688291279458
elasmobranch,1906,SSB_MSYBtrigger,2.34644083016772
elasmobranch,1907,SSB_MSYBtrigger,2.34379707798921
elasmobranch,1908,SSB_MSYBtrigger,2.34246781711734
elasmobranch,1909,SSB_MSYBtrigger,2.34128625189789
elasmobranch,1910,SSB_MSYBtrigger,2.3393366692858
elasmobranch,1911,SSB_MSYBtrigger,2.33822895189257
elasmobranch,1912,SSB_MSYBtrigger,2.33667814754205
elasmobranch,1913,SSB_MSYBtrigger,2.3334731518843
elasmobranch,1914,SSB_MSYBtrigger,2.32927859535527
elasmobranch,1915,SSB_MSYBtrigger,2.32738809100415
elasmobranch,1916,SSB_MSYBtrigger,2.32574866926217
elasmobranch,1917,SSB_MSYBtrigger,2.32725516491697
elasmobranch,1918,SSB_MSYBtrigger,2.32905705187662
elasmobranch,1919,SSB_MSYBtrigger,2.33066693448812
elasmobranch,1920,SSB_MSYBtrigger,2.32908659100711
elasmobranch,1921,SSB_MSYBtrigger,2.32509880839148
elasmobranch,1922,SSB_MSYBtrigger,2.32000330838261
elasmobranch,1923,SSB_MSYBtrigger,2.31509981272191
elasmobranch,1924,SSB_MSYBtrigger,2.31015200836548
elasmobranch,1925,SSB_MSYBtrigger,2.30451003444263
elasmobranch,1926,SSB_MSYBtrigger,2.29872036486734
elasmobranch,1927,SSB_MSYBtrigger,2.29251714746525
elasmobranch,1928,SSB_MSYBtrigger,2.28513236484371
elasmobranch,1929,SSB_MSYBtrigger,2.27661032569845
elasmobranch,1930,SSB_MSYBtrigger,2.2689449213373
elasmobranch,1931,SSB_MSYBtrigger,2.25807452131839
elasmobranch,1932,SSB_MSYBtrigger,2.24800167782261
elasmobranch,1933,SSB_MSYBtrigger,2.23153361257658
elasmobranch,1934,SSB_MSYBtrigger,2.21095960819297
elasmobranch,1935,SSB_MSYBtrigger,2.19134562555017
elasmobranch,1936,SSB_MSYBtrigger,2.17016606899159
elasmobranch,1937,SSB_MSYBtrigger,2.15216196896028
elasmobranch,1938,SSB_MSYBtrigger,2.13089379501025
elasmobranch,1939,SSB_MSYBtrigger,2.11919629933773
elasmobranch,1940,SSB_MSYBtrigger,2.10551968192264
elasmobranch,1941,SSB_MSYBtrigger,2.10823728192737
elasmobranch,1942,SSB_MSYBtrigger,2.11215121671678
elasmobranch,1943,SSB_MSYBtrigger,2.11336232106672
elasmobranch,1944,SSB_MSYBtrigger,2.11822150803169
elasmobranch,1945,SSB_MSYBtrigger,2.12303638630093
elasmobranch,1946,SSB_MSYBtrigger,2.1297122297908
elasmobranch,1947,SSB_MSYBtrigger,2.13017008631334
elasmobranch,1948,SSB_MSYBtrigger,2.12188436021197
elasmobranch,1949,SSB_MSYBtrigger,2.11017209497421
elasmobranch,1950,SSB_MSYBtrigger,2.09383695581537
elasmobranch,1951,SSB_MSYBtrigger,2.07567039056638
elasmobranch,1952,SSB_MSYBtrigger,2.04297057311821
elasmobranch,1953,SSB_MSYBtrigger,2.003949381746
elasmobranch,1954,SSB_MSYBtrigger,1.96993507299119
elasmobranch,1955,SSB_MSYBtrigger,1.9338677946676
elasmobranch,1956,SSB_MSYBtrigger,1.89548169460084
elasmobranch,1957,SSB_MSYBtrigger,1.8528862684398
elasmobranch,1958,SSB_MSYBtrigger,1.81374692054565
elasmobranch,1959,SSB_MSYBtrigger,1.76872928568475
elasmobranch,1960,SSB_MSYBtrigger,1.7289400769199
elasmobranch,1961,SSB_MSYBtrigger,1.68030389857444
elasmobranch,1962,SSB_MSYBtrigger,1.62698576804693
elasmobranch,1963,SSB_MSYBtrigger,1.57498212882606
elasmobranch,1964,SSB_MSYBtrigger,1.51591863741899
elasmobranch,1965,SSB_MSYBtrigger,1.46020045253948
elasmobranch,1966,SSB_MSYBtrigger,1.42039647420939
elasmobranch,1967,SSB_MSYBtrigger,1.38988255241719
elasmobranch,1968,SSB_MSYBtrigger,1.35648856540259
elasmobranch,1969,SSB_MSYBtrigger,1.30458240531232
elasmobranch,1970,SSB_MSYBtrigger,1.25858702523233
elasmobranch,1971,SSB_MSYBtrigger,1.21899277472868
elasmobranch,1972,SSB_MSYBtrigger,1.18221360336037
elasmobranch,1973,SSB_MSYBtrigger,1.13838048763197
elasmobranch,1974,SSB_MSYBtrigger,1.0963300584284
elasmobranch,1975,SSB_MSYBtrigger,1.06036469010498
elasmobranch,1976,SSB_MSYBtrigger,1.02761022526541
elasmobranch,1977,SSB_MSYBtrigger,0.995515959992202
elasmobranch,1978,SSB_MSYBtrigger,0.965710977331671
elasmobranch,1979,SSB_MSYBtrigger,0.927540512917462
elasmobranch,1980,SSB_MSYBtrigger,0.901961102872976
elasmobranch,1981,SSB_MSYBtrigger,0.871194621515121
elasmobranch,1982,SSB_MSYBtrigger,0.84096427537559
elasmobranch,1983,SSB_MSYBtrigger,0.821189304471634
elasmobranch,1984,SSB_MSYBtrigger,0.792754937465661
elasmobranch,1985,SSB_MSYBtrigger,0.765237760461283
elasmobranch,1986,SSB_MSYBtrigger,0.731579398228834
elasmobranch,1987,SSB_MSYBtrigger,0.708338010362327
elasmobranch,1988,SSB_MSYBtrigger,0.667108768986276
elasmobranch,1989,SSB_MSYBtrigger,0.63589624675808
elasmobranch,1990,SSB_MSYBtrigger,0.611547141498343
elasmobranch,1991,SSB_MSYBtrigger,0.588391417110246
elasmobranch,1992,SSB_MSYBtrigger,0.564931439678142
elasmobranch,1993,SSB_MSYBtrigger,0.541097792245387
elasmobranch,1994,SSB_MSYBtrigger,0.522194225690773
elasmobranch,1995,SSB_MSYBtrigger,0.509254609581312
elasmobranch,1996,SSB_MSYBtrigger,0.49547755912257
elasmobranch,1997,SSB_MSYBtrigger,0.487219895195165
elasmobranch,1998,SSB_MSYBtrigger,0.481111203010628
elasmobranch,1999,SSB_MSYBtrigger,0.476260877784802
elasmobranch,2000,SSB_MSYBtrigger,0.473103144735832
elasmobranch,2001,SSB_MSYBtrigger,0.464174942546391
elasmobranch,2002,SSB_MSYBtrigger,0.453997235137386
elasmobranch,2003,SSB_MSYBtrigger,0.452301689047481
elasmobranch,2004,SSB_MSYBtrigger,0.449121801650647
elasmobranch,2005,SSB_MSYBtrigger,0.450430385131183
elasmobranch,2006,SSB_MSYBtrigger,0.453053459918354
elasmobranch,2007,SSB_MSYBtrigger,0.462536997760934
elasmobranch,2008,SSB_MSYBtrigger,0.474317202998813
elasmobranch,2009,SSB_MSYBtrigger,0.488386690849368
elasmobranch,2010,SSB_MSYBtrigger,0.502637844352414
elasmobranch,2011,SSB_MSYBtrigger,0.515711863505586
elasmobranch,2012,SSB_MSYBtrigger,0.528901085267654
elasmobranch,2013,SSB_MSYBtrigger,0.542715059639505
elasmobranch,2014,SSB_MSYBtrigger,0.556472909663431
elasmobranch,2015,SSB_MSYBtrigger,0.570611814470629
elasmobranch,2016,SSB_MSYBtrigger,0.585465566235592
elasmobranch,2017,SSB_MSYBtrigger,0.600484737131278
elasmobranch,2018,SSB_MSYBtrigger,0.615648649766345
elasmobranch,2019,SSB_MSYBtrigger,0.629969220226033
elasmobranch,2020,SSB_MSYBtrigger,0.645428524165963
elasmobranch,1905,SSB_SSBMEAN,5.27821539308205
elasmobranch,1906,SSB_SSBMEAN,5.25483045488351
elasmobranch,1907,SSB_SSBMEAN,5.24890979867765
elasmobranch,1908,SSB_SSBMEAN,5.2459329324289
elasmobranch,1909,SSB_SSBMEAN,5.24328682909668
elasmobranch,1910,SSB_SSBMEAN,5.2389207585985
elasmobranch,1911,SSB_SSBMEAN,5.23644003672454
elasmobranch,1912,SSB_SSBMEAN,5.232967026101
elasmobranch,1913,SSB_SSBMEAN,5.22578947081233
elasmobranch,1914,SSB_SSBMEAN,5.21639580398293
elasmobranch,1915,SSB_SSBMEAN,5.21216203865137
elasmobranch,1916,SSB_SSBMEAN,5.20849057027791
elasmobranch,1917,SSB_SSBMEAN,5.2118643520265
elasmobranch,1918,SSB_SSBMEAN,5.21589965960814
elasmobranch,1919,SSB_SSBMEAN,5.2195049753983
elasmobranch,1920,SSB_SSBMEAN,5.21596581219145
elasmobranch,1921,SSB_SSBMEAN,5.20703521344518
elasmobranch,1922,SSB_SSBMEAN,5.19562389282496
elasmobranch,1923,SSB_SSBMEAN,5.18464256399623
elasmobranch,1924,SSB_SSBMEAN,5.17356200629253
elasmobranch,1925,SSB_SSBMEAN,5.16092686288115
elasmobranch,1926,SSB_SSBMEAN,5.14796095655325
elasmobranch,1927,SSB_SSBMEAN,5.13406891405906
elasmobranch,1928,SSB_SSBMEAN,5.11753076823265
elasmobranch,1929,SSB_SSBMEAN,5.09844574794898
elasmobranch,1930,SSB_SSBMEAN,5.08127915258116
elasmobranch,1931,SSB_SSBMEAN,5.05693500192469
elasmobranch,1932,SSB_SSBMEAN,5.03437697101746
elasmobranch,1933,SSB_SSBMEAN,4.99749690582457
elasmobranch,1934,SSB_SSBMEAN,4.95142163155219
elasmobranch,1935,SSB_SSBMEAN,4.90749631623725
elasmobranch,1936,SSB_SSBMEAN,4.8600649140071
elasmobranch,1937,SSB_SSBMEAN,4.81974491448232
elasmobranch,1938,SSB_SSBMEAN,4.77211505450225
elasmobranch,1939,SSB_SSBMEAN,4.74591863151322
elasmobranch,1940,SSB_SSBMEAN,4.71528998544271
elasmobranch,1941,SSB_SSBMEAN,4.72137602310683
elasmobranch,1942,SSB_SSBMEAN,4.73014124039483
elasmobranch,1943,SSB_SSBMEAN,4.73285349631036
elasmobranch,1944,SSB_SSBMEAN,4.74373559626413
elasmobranch,1945,SSB_SSBMEAN,4.75451846734295
elasmobranch,1946,SSB_SSBMEAN,4.76946895117003
elasmobranch,1947,SSB_SSBMEAN,4.77049431621127
elasmobranch,1948,SSB_SSBMEAN,4.75193851659403
elasmobranch,1949,SSB_SSBMEAN,4.72570901731335
elasmobranch,1950,SSB_SSBMEAN,4.68912663874533
elasmobranch,1951,SSB_SSBMEAN,4.64844280001236
elasmobranch,1952,SSB_SSBMEAN,4.57521189029302
elasmobranch,1953,SSB_SSBMEAN,4.48782432774627
elasmobranch,1954,SSB_SSBMEAN,4.41164962806982
elasmobranch,1955,SSB_SSBMEAN,4.33087732385364
elasmobranch,1956,SSB_SSBMEAN,4.24491204184796
elasmobranch,1957,SSB_SSBMEAN,4.14952001672122
elasmobranch,1958,SSB_SSBMEAN,4.06186784384125
elasmobranch,1959,SSB_SSBMEAN,3.96105130688346
elasmobranch,1960,SSB_SSBMEAN,3.87194377717076
elasmobranch,1961,SSB_SSBMEAN,3.76302354875802
elasmobranch,1962,SSB_SSBMEAN,3.64361813589134
elasmobranch,1963,SSB_SSBMEAN,3.52715651298176
elasmobranch,1964,SSB_SSBMEAN,3.39488442266214
elasmobranch,1965,SSB_SSBMEAN,3.27010411240187
elasmobranch,1966,SSB_SSBMEAN,3.18096350639752
elasmobranch,1967,SSB_SSBMEAN,3.1126278878428
elasmobranch,1968,SSB_SSBMEAN,3.03784239241577
elasmobranch,1969,SSB_SSBMEAN,2.9215990730311
elasmobranch,1970,SSB_SSBMEAN,2.81859288556589
elasmobranch,1971,SSB_SSBMEAN,2.72992196290301
elasmobranch,1972,SSB_SSBMEAN,2.64755538142916
elasmobranch,1973,SSB_SSBMEAN,2.54939156306192
elasmobranch,1974,SSB_SSBMEAN,2.45522005309717
elasmobranch,1975,SSB_SSBMEAN,2.37467597529339
elasmobranch,1976,SSB_SSBMEAN,2.30132268329493
elasmobranch,1977,SSB_SSBMEAN,2.22944790153336
elasmobranch,1978,SSB_SSBMEAN,2.16269994497796
elasmobranch,1979,SSB_SSBMEAN,2.07721757683042
elasmobranch,1980,SSB_SSBMEAN,2.0199327473169
elasmobranch,1981,SSB_SSBMEAN,1.95103152417491
elasmobranch,1982,SSB_SSBMEAN,1.88333097041992
elasmobranch,1983,SSB_SSBMEAN,1.83904512352596
elasmobranch,1984,SSB_SSBMEAN,1.77536664683595
elasmobranch,1985,SSB_SSBMEAN,1.71374220785758
elasmobranch,1986,SSB_SSBMEAN,1.63836464680997
elasmobranch,1987,SSB_SSBMEAN,1.58631579426509
elasmobranch,1988,SSB_SSBMEAN,1.49398332611624
elasmobranch,1989,SSB_SSBMEAN,1.42408319896634
elasmobranch,1990,SSB_SSBMEAN,1.3695536245475
elasmobranch,1991,SSB_SSBMEAN,1.31769661449421
elasmobranch,1992,SSB_SSBMEAN,1.26515823283287
elasmobranch,1993,SSB_SSBMEAN,1.21178302099271
elasmobranch,1994,SSB_SSBMEAN,1.16944867530627
elasmobranch,1995,SSB_SSBMEAN,1.14047053618923
elasmobranch,1996,SSB_SSBMEAN,1.10961697133548
elasmobranch,1997,SSB_SSBMEAN,1.09112401667239
elasmobranch,1998,SSB_SSBMEAN,1.07744366244478
elasmobranch,1999,SSB_SSBMEAN,1.066581408266
elasmobranch,2000,SSB_SSBMEAN,1.05950969711063
elasmobranch,2001,SSB_SSBMEAN,1.0395150788065
elasmobranch,2002,SSB_SSBMEAN,1.01672220622854
elasmobranch,2003,SSB_SSBMEAN,1.01292504794679
elasmobranch,2004,SSB_SSBMEAN,1.00580372235394
elasmobranch,2005,SSB_SSBMEAN,0.336245686734293
elasmobranch,2006,SSB_SSBMEAN,0.338203550717781
elasmobranch,2007,SSB_SSBMEAN,0.345283354539178
elasmobranch,2008,SSB_SSBMEAN,0.354077362533973
elasmobranch,2009,SSB_SSBMEAN,0.364580267059898
elasmobranch,2010,SSB_SSBMEAN,0.375218548437387
elasmobranch,2011,SSB_SSBMEAN,0.38497818789578
elasmobranch,2012,SSB_SSBMEAN,0.592235459074042
elasmobranch,2013,SSB_SSBMEAN,0.405136048724647
elasmobranch,2014,SSB_SSBMEAN,0.415406315563404
elasmobranch,2015,SSB_SSBMEAN,0.42596164270397
elasmobranch,2016,SSB_SSBMEAN,0.437049619419883
elasmobranch,2017,SSB_SSBMEAN,0.44826164546001
elasmobranch,2018,SSB_SSBMEAN,0.689371921207286
elasmobranch,2019,SSB_SSBMEAN,0.705407651394006
elasmobranch,2020,SSB_SSBMEAN,1.44543063759907
pelagic,1978,F_FMEAN,1.09824836601307
pelagic,1979,F_FMEAN,0.873045751633987
pelagic,1980,F_FMEAN,0.769699346405229
pelagic,1981,F_FMEAN,0.767128540305011
pelagic,1982,F_FMEAN,0.555294117647059
pelagic,1983,F_FMEAN,0.583830065359477
pelagic,1984,F_FMEAN,0.629333333333333
pelagic,1985,F_FMEAN,0.640901960784314
pelagic,1986,F_FMEAN,0.749647058823529
pelagic,1987,F_FMEAN,1.04827189542484
pelagic,1988,F_FMEAN,0.99521045751634
pelagic,1989,F_FMEAN,1.21393464052288
pelagic,1990,F_FMEAN,1.88954248366013
pelagic,1991,F_FMEAN,1.19233986928105
pelagic,1992,F_FMEAN,0.860705882352941
pelagic,1993,F_FMEAN,1.17889822595705
pelagic,1994,F_FMEAN,0.757579831932773
pelagic,1995,F_FMEAN,0.871282913165266
pelagic,1996,F_FMEAN,1.34196078431373
pelagic,1997,F_FMEAN,1.25954808590103
pelagic,1998,F_FMEAN,1.57818113912232
pelagic,1999,F_FMEAN,1.14628571428571
pelagic,2000,F_FMEAN,1.09207843137255
pelagic,2001,F_FMEAN,1.25326797385621
pelagic,2002,F_FMEAN,1.14298039215686
pelagic,2003,F_FMEAN,1.01529702251271
pelagic,2004,F_FMEAN,1.16371822803195
pelagic,2005,F_FMEAN,0.765071895424837
pelagic,2006,F_FMEAN,0.661211328976035
pelagic,2007,F_FMEAN,0.683148874364561
pelagic,2008,F_FMEAN,0.852136528685548
pelagic,2009,F_FMEAN,0.938515613652869
pelagic,2010,F_FMEAN,0.85762091503268
pelagic,2011,F_FMEAN,0.86002033405955
pelagic,2012,F_FMEAN,0.793179375453885
pelagic,2013,F_FMEAN,1.21239215686274
pelagic,2014,F_FMEAN,1.09927668845316
pelagic,2015,F_FMEAN,0.950169934640523
pelagic,2016,F_FMEAN,1.15549164851126
pelagic,2017,F_FMEAN,1.09961946259985
pelagic,2018,F_FMEAN,0.835683369644154
pelagic,2019,F_FMEAN,0.805519244734931
pelagic,2020,F_FMEAN,1.06534204793028
pelagic,2021,F_FMEAN,1.56716339869281
pelagic,1978,F_FMSY,11.125
pelagic,1979,F_FMSY,8.84375
pelagic,1980,F_FMSY,4.78245192307692
pelagic,1981,F_FMSY,3.34246794871795
pelagic,1982,F_FMSY,2.47721706081081
pelagic,1983,F_FMSY,2.50061233108108
pelagic,1984,F_FMSY,2.5067161512474
pelagic,1985,F_FMSY,2.3538997531185
pelagic,1986,F_FMSY,2.85041904885655
pelagic,1987,F_FMSY,3.19208354989605
pelagic,1988,F_FMSY,3.80251916580042
pelagic,1989,F_FMSY,3.75048889033264
pelagic,1990,F_FMSY,4.06123473232848
pelagic,1991,F_FMSY,3.66406412422037
pelagic,1992,F_FMSY,2.4657435031185
pelagic,1993,F_FMSY,2.46935273735274
pelagic,1994,F_FMSY,2.18373406098406
pelagic,1995,F_FMSY,2.3531968988219
pelagic,1996,F_FMSY,2.80163565488565
pelagic,1997,F_FMSY,3.63121534996535
pelagic,1998,F_FMSY,3.87017983367983
pelagic,1999,F_FMSY,3.55869100831601
pelagic,2000,F_FMSY,2.75057579054475
pelagic,2001,F_FMSY,2.71813142947456
pelagic,2002,F_FMSY,2.41668252355131
pelagic,2003,F_FMSY,2.24671276249505
pelagic,2004,F_FMSY,2.34052998203247
pelagic,2005,F_FMSY,2.29927648977939
pelagic,2006,F_FMSY,1.64298728858125
pelagic,2007,F_FMSY,1.81195922998903
pelagic,2008,F_FMSY,2.47771453907422
pelagic,2009,F_FMSY,2.70018809643189
pelagic,2010,F_FMSY,3.22510952910373
pelagic,2011,F_FMSY,3.66685463258725
pelagic,2012,F_FMSY,3.13685791114599
pelagic,2013,F_FMSY,3.10084720290846
pelagic,2014,F_FMSY,2.3962889640787
pelagic,2015,F_FMSY,1.78650292899879
pelagic,2016,F_FMSY,1.77706941929831
pelagic,2017,F_FMSY,1.54611978413717
pelagic,2018,F_FMSY,1.24014986522437
pelagic,2019,F_FMSY,1.09996867298399
pelagic,2020,F_FMSY,0.881006691787942
pelagic,2021,F_FMSY,1.5875
pelagic,1978,SSB_MSYBtrigger,2.08008775438277
pelagic,1979,SSB_MSYBtrigger,2.68967579190806
pelagic,1980,SSB_MSYBtrigger,2.4852392628032
pelagic,1981,SSB_MSYBtrigger,2.23408797279865
pelagic,1982,SSB_MSYBtrigger,2.05736955650705
pelagic,1983,SSB_MSYBtrigger,1.85604018204187
pelagic,1984,SSB_MSYBtrigger,2.30999855699448
pelagic,1985,SSB_MSYBtrigger,2.26752047467756
pelagic,1986,SSB_MSYBtrigger,2.32472293673371
pelagic,1987,SSB_MSYBtrigger,2.2834041936638
pelagic,1988,SSB_MSYBtrigger,2.31821011677574
pelagic,1989,SSB_MSYBtrigger,2.1625272658768
pelagic,1990,SSB_MSYBtrigger,2.03182214093904
pelagic,1991,SSB_MSYBtrigger,1.95654260795041
pelagic,1992,SSB_MSYBtrigger,2.14715166377792
pelagic,1993,SSB_MSYBtrigger,2.1596596387974
pelagic,1994,SSB_MSYBtrigger,1.95002597183194
pelagic,1995,SSB_MSYBtrigger,1.73848827095447
pelagic,1996,SSB_MSYBtrigger,1.5848503848968
pelagic,1997,SSB_MSYBtrigger,1.55429548776132
pelagic,1998,SSB_MSYBtrigger,1.54845899839782
pelagic,1999,SSB_MSYBtrigger,1.65201733958288
pelagic,2000,SSB_MSYBtrigger,1.57587938364473
pelagic,2001,SSB_MSYBtrigger,1.70332465746273
pelagic,2002,SSB_MSYBtrigger,1.76292250821805
pelagic,2003,SSB_MSYBtrigger,1.85548991867357
pelagic,2004,SSB_MSYBtrigger,1.8366360974104
pelagic,2005,SSB_MSYBtrigger,1.90976051383847
pelagic,2006,SSB_MSYBtrigger,1.89927652236983
pelagic,2007,SSB_MSYBtrigger,1.68934296625427
pelagic,2008,SSB_MSYBtrigger,1.58788977011858
pelagic,2009,SSB_MSYBtrigger,1.4401625652861
pelagic,2010,SSB_MSYBtrigger,1.4447147134843
pelagic,2011,SSB_MSYBtrigger,1.35953534157558
pelagic,2012,SSB_MSYBtrigger,1.30864618539663
pelagic,2013,SSB_MSYBtrigger,1.36256620443279
pelagic,2014,SSB_MSYBtrigger,1.55081621320143
pelagic,2015,SSB_MSYBtrigger,1.57348450807701
pelagic,2016,SSB_MSYBtrigger,1.64445419980863
pelagic,2017,SSB_MSYBtrigger,1.90928012012341
pelagic,2018,SSB_MSYBtrigger,1.98469215950236
pelagic,2019,SSB_MSYBtrigger,1.96938903953554
pelagic,2020,SSB_MSYBtrigger,1.980745386899
pelagic,2021,SSB_MSYBtrigger,2.25803522141546
pelagic,2022,SSB_MSYBtrigger,1.51273911111111
pelagic,1980,SSB_SSBMEAN,3.41975333373967
pelagic,1981,SSB_SSBMEAN,2.67706748687615
pelagic,1982,SSB_SSBMEAN,2.27448144243851
pelagic,1983,SSB_SSBMEAN,2.24103808995019
pelagic,1984,SSB_SSBMEAN,2.32879330076016
pelagic,1985,SSB_SSBMEAN,2.54972997194276
pelagic,1986,SSB_SSBMEAN,2.82978079273871
pelagic,1987,SSB_SSBMEAN,2.19707358778583
pelagic,1988,SSB_SSBMEAN,2.1346963818352
pelagic,1989,SSB_SSBMEAN,1.62030647610208
pelagic,1990,SSB_SSBMEAN,1.56617986838786
pelagic,1991,SSB_SSBMEAN,1.30264102715001
pelagic,1992,SSB_SSBMEAN,1.16473650720367
pelagic,1993,SSB_SSBMEAN,1.08137541530213
pelagic,1994,SSB_SSBMEAN,0.979722834189094
pelagic,1995,SSB_SSBMEAN,0.903760063235767
pelagic,1996,SSB_SSBMEAN,0.844362531390183
pelagic,1997,SSB_SSBMEAN,0.856425901545051
pelagic,1998,SSB_SSBMEAN,0.972164116608953
pelagic,1999,SSB_SSBMEAN,1.0716981918906
pelagic,2000,SSB_SSBMEAN,0.908924648890963
pelagic,2001,SSB_SSBMEAN,0.916868860085063
pelagic,2002,SSB_SSBMEAN,0.97281866856411
pelagic,2003,SSB_SSBMEAN,1.10523666241481
pelagic,2004,SSB_SSBMEAN,1.16373571203694
pelagic,2005,SSB_SSBMEAN,1.07887427750484
pelagic,2006,SSB_SSBMEAN,1.04497781767356
pelagic,2007,SSB_SSBMEAN,0.926955472864454
pelagic,2008,SSB_SSBMEAN,0.848838178435457
pelagic,2009,SSB_SSBMEAN,0.81622626185509
pelagic,2010,SSB_SSBMEAN,0.839766280666625
pelagic,2011,SSB_SSBMEAN,0.892550020972862
pelagic,2012,SSB_SSBMEAN,0.928046916329843
pelagic,2013,SSB_SSBMEAN,0.997173159666298
pelagic,2014,SSB_SSBMEAN,1.14426912307294
pelagic,2015,SSB_SSBMEAN,1.16059507393094
pelagic,2016,SSB_SSBMEAN,1.20341811008835
pelagic,2017,SSB_SSBMEAN,1.32379551789804
pelagic,2018,SSB_SSBMEAN,1.26758605245816
pelagic,2019,SSB_SSBMEAN,1.12473508724503
pelagic,2020,SSB_SSBMEAN,1.04232619768819
pelagic,2021,SSB_SSBMEAN,1.21400119971913
pelagic,2022,SSB_SSBMEAN,2.82580208347225
MEAN,1905,F_FMEAN,0.147498931167165
MEAN,1906,F_FMEAN,0.0491663103890552
MEAN,1907,F_FMEAN,0.0245831551945276
MEAN,1908,F_FMEAN,0.0245831551945276
MEAN,1909,F_FMEAN,0.0491663103890552
MEAN,1910,F_FMEAN,0.0245831551945276
MEAN,1911,F_FMEAN,0.0491663103890552
MEAN,1912,F_FMEAN,0.0737494655835827
MEAN,1913,F_FMEAN,0.0737494655835827
MEAN,1914,F_FMEAN,0.0491663103890552
MEAN,1915,F_FMEAN,0.0491663103890552
MEAN,1916,F_FMEAN,0
MEAN,1917,F_FMEAN,0
MEAN,1918,F_FMEAN,0
MEAN,1919,F_FMEAN,0.0491663103890552
MEAN,1920,F_FMEAN,0.0983326207781103
MEAN,1921,F_FMEAN,0.0983326207781103
MEAN,1922,F_FMEAN,0.0983326207781103
MEAN,1923,F_FMEAN,0.122915775972638
MEAN,1924,F_FMEAN,0.122915775972638
MEAN,1925,F_FMEAN,0.147498931167165
MEAN,1926,F_FMEAN,0.147498931167165
MEAN,1927,F_FMEAN,0.172082086361693
MEAN,1928,F_FMEAN,0.196665241556221
MEAN,1929,F_FMEAN,0.196665241556221
MEAN,1930,F_FMEAN,0.245831551945276
MEAN,1931,F_FMEAN,0.245831551945276
MEAN,1932,F_FMEAN,0.344164172723386
MEAN,1933,F_FMEAN,0.442496793501496
MEAN,1934,F_FMEAN,0.442496793501496
MEAN,1935,F_FMEAN,0.491663103890552
MEAN,1936,F_FMEAN,0.467079948696024
MEAN,1937,F_FMEAN,0.540829414279607
MEAN,1938,F_FMEAN,0.417913638306969
MEAN,1939,F_FMEAN,0.467079948696024
MEAN,1940,F_FMEAN,0.221248396750748
MEAN,1941,F_FMEAN,0.196665241556221
MEAN,1942,F_FMEAN,0.245831551945276
MEAN,1943,F_FMEAN,0.196665241556221
MEAN,1944,F_FMEAN,0.172082086361693
MEAN,1945,F_FMEAN,0.147498931167165
MEAN,1946,F_FMEAN,0.245831551945276
MEAN,1947,F_FMEAN,0.368747327917914
MEAN,1948,F_FMEAN,0.442496793501496
MEAN,1949,F_FMEAN,0.516246259085079
MEAN,1950,F_FMEAN,0.565412569474134
MEAN,1951,F_FMEAN,0.81124412141941
MEAN,1952,F_FMEAN,0.958743052586575
MEAN,1953,F_FMEAN,0.90957674219752
MEAN,1954,F_FMEAN,1.00790936297563
MEAN,1955,F_FMEAN,1.08165882855921
MEAN,1956,F_FMEAN,1.20457460453185
MEAN,1957,F_FMEAN,1.20457460453185
MEAN,1958,F_FMEAN,1.35207353569902
MEAN,1959,F_FMEAN,1.32749038050449
MEAN,1960,F_FMEAN,1.54873877725524
MEAN,1961,F_FMEAN,1.6962377084224
MEAN,1962,F_FMEAN,1.74540401881146
MEAN,1963,F_FMEAN,1.96665241556221
MEAN,1964,F_FMEAN,1.99123557075673
MEAN,1965,F_FMEAN,1.6962377084224
MEAN,1966,F_FMEAN,1.49957246686618
MEAN,1967,F_FMEAN,1.59790508764429
MEAN,1968,F_FMEAN,2.06498503634032
MEAN,1969,F_FMEAN,1.99123557075673
MEAN,1970,F_FMEAN,1.89290294997862
MEAN,1971,F_FMEAN,1.8683197947841
MEAN,1972,F_FMEAN,2.1387345019239
MEAN,1973,F_FMEAN,2.18790081231295
MEAN,1974,F_FMEAN,2.11415134672937
MEAN,1975,F_FMEAN,1.33631198767491
MEAN,1976,F_FMEAN,1.3344663224315
MEAN,1977,F_FMEAN,1.38049202333022
MEAN,1978,F_FMEAN,1.3358723471434
MEAN,1979,F_FMEAN,1.1929996186537
MEAN,1980,F_FMEAN,1.10763589019602
MEAN,1981,F_FMEAN,1.06818373322985
MEAN,1982,F_FMEAN,0.914640475696215
MEAN,1983,F_FMEAN,0.950644794831769
MEAN,1984,F_FMEAN,0.928854612360484
MEAN,1985,F_FMEAN,1.01023761458966
MEAN,1986,F_FMEAN,0.988417559211009
MEAN,1987,F_FMEAN,1.15622261170684
MEAN,1988,F_FMEAN,1.23814334867569
MEAN,1989,F_FMEAN,1.29700909608527
MEAN,1990,F_FMEAN,1.49061809554933
MEAN,1991,F_FMEAN,1.28217922326361
MEAN,1992,F_FMEAN,1.2513863506765
MEAN,1993,F_FMEAN,1.28600389773362
MEAN,1994,F_FMEAN,1.09032742936059
MEAN,1995,F_FMEAN,1.1385677196711
MEAN,1996,F_FMEAN,1.29182957626765
MEAN,1997,F_FMEAN,1.28371117216917
MEAN,1998,F_FMEAN,1.32326766046029
MEAN,1999,F_FMEAN,1.08950997419116
MEAN,2000,F_FMEAN,1.07392818121493
MEAN,2001,F_FMEAN,1.14831316434514
MEAN,2002,F_FMEAN,1.08579258753729
MEAN,2003,F_FMEAN,1.12938699346024
MEAN,2004,F_FMEAN,1.1193440111842
MEAN,2005,F_FMEAN,0.97867593092621
MEAN,2006,F_FMEAN,0.896528647079736
MEAN,2007,F_FMEAN,0.907798195691616
MEAN,2008,F_FMEAN,0.905054393654258
MEAN,2009,F_FMEAN,0.912457843558991
MEAN,2010,F_FMEAN,0.826789495575383
MEAN,2011,F_FMEAN,0.803121013102921
MEAN,2012,F_FMEAN,0.701405896515975
MEAN,2013,F_FMEAN,0.857047822705884
MEAN,2014,F_FMEAN,0.855290757566795
MEAN,2015,F_FMEAN,0.759258053404216
MEAN,2016,F_FMEAN,0.936428461320228
MEAN,2017,F_FMEAN,0.879086615416946
MEAN,2018,F_FMEAN,0.661795442554539
MEAN,2019,F_FMEAN,0.624167693384867
MEAN,2020,F_FMEAN,0.685303063857552
MEAN,2021,F_FMEAN,0.829697294192193
MEAN,1975,F_FMSY,1.7565
MEAN,1976,F_FMSY,1.683
MEAN,1977,F_FMSY,1.811
MEAN,1978,F_FMSY,4.30573076923077
MEAN,1979,F_FMSY,3.69901442307692
MEAN,1980,F_FMSY,2.63315476190476
MEAN,1981,F_FMSY,2.37482451923077
MEAN,1982,F_FMSY,2.1427261011011
MEAN,1983,F_FMSY,2.08620903499653
MEAN,1984,F_FMSY,1.98015419739913
MEAN,1985,F_FMSY,1.97928833372774
MEAN,1986,F_FMSY,2.18145861366799
MEAN,1987,F_FMSY,2.36333103786994
MEAN,1988,F_FMSY,2.76471758657855
MEAN,1989,F_FMSY,2.75701183716392
MEAN,1990,F_FMSY,2.65910423071901
MEAN,1991,F_FMSY,2.60036281730183
MEAN,1992,F_FMSY,2.41943854401676
MEAN,1993,F_FMSY,2.28732667786952
MEAN,1994,F_FMSY,2.2532988422272
MEAN,1995,F_FMSY,2.29803018570756
MEAN,1996,F_FMSY,2.46432225871042
MEAN,1997,F_FMSY,2.80808439954839
MEAN,1998,F_FMSY,2.76402076999929
MEAN,1999,F_FMSY,2.50052758154711
MEAN,2000,F_FMSY,2.21900355031179
MEAN,2001,F_FMSY,2.12689563517325
MEAN,2002,F_FMSY,2.04141778582551
MEAN,2003,F_FMSY,1.96940714564722
MEAN,2004,F_FMSY,1.98809260923816
MEAN,2005,F_FMSY,2.01979802196745
MEAN,2006,F_FMSY,1.82761368286545
MEAN,2007,F_FMSY,1.83193729486825
MEAN,2008,F_FMSY,1.89380264647104
MEAN,2009,F_FMSY,1.81611034071519
MEAN,2010,F_FMSY,1.87977703854442
MEAN,2011,F_FMSY,1.95966254388285
MEAN,2012,F_FMSY,1.66872079566882
MEAN,2013,F_FMSY,1.61053998854891
MEAN,2014,F_FMSY,1.43473493905018
MEAN,2015,F_FMSY,1.25055682308165
MEAN,2016,F_FMSY,1.1333899611565
MEAN,2017,F_FMSY,1.03216411139455
MEAN,2018,F_FMSY,0.868101124079409
MEAN,2019,F_FMSY,0.788936414598551
MEAN,2020,F_FMSY,0.655636081993998
MEAN,2021,F_FMSY,0.87925
MEAN,1905,SSB_MSYBtrigger,2.35688291279458
MEAN,1906,SSB_MSYBtrigger,2.34644083016772
MEAN,1907,SSB_MSYBtrigger,2.34379707798921
MEAN,1908,SSB_MSYBtrigger,2.34246781711734
MEAN,1909,SSB_MSYBtrigger,2.34128625189789
MEAN,1910,SSB_MSYBtrigger,2.3393366692858
MEAN,1911,SSB_MSYBtrigger,2.33822895189257
MEAN,1912,SSB_MSYBtrigger,2.33667814754205
MEAN,1913,SSB_MSYBtrigger,2.3334731518843
MEAN,1914,SSB_MSYBtrigger,2.32927859535527
MEAN,1915,SSB_MSYBtrigger,2.32738809100415
MEAN,1916,SSB_MSYBtrigger,2.32574866926217
MEAN,1917,SSB_MSYBtrigger,2.32725516491697
MEAN,1918,SSB_MSYBtrigger,2.32905705187662
MEAN,1919,SSB_MSYBtrigger,2.33066693448812
MEAN,1920,SSB_MSYBtrigger,2.32908659100711
MEAN,1921,SSB_MSYBtrigger,2.32509880839148
MEAN,1922,SSB_MSYBtrigger,2.32000330838261
MEAN,1923,SSB_MSYBtrigger,2.31509981272191
MEAN,1924,SSB_MSYBtrigger,2.31015200836548
MEAN,1925,SSB_MSYBtrigger,2.30451003444263
MEAN,1926,SSB_MSYBtrigger,2.29872036486734
MEAN,1927,SSB_MSYBtrigger,2.29251714746525
MEAN,1928,SSB_MSYBtrigger,2.28513236484371
MEAN,1929,SSB_MSYBtrigger,2.27661032569845
MEAN,1930,SSB_MSYBtrigger,2.2689449213373
MEAN,1931,SSB_MSYBtrigger,2.25807452131839
MEAN,1932,SSB_MSYBtrigger,2.24800167782261
MEAN,1933,SSB_MSYBtrigger,2.23153361257658
MEAN,1934,SSB_MSYBtrigger,2.21095960819297
MEAN,1935,SSB_MSYBtrigger,2.19134562555017
MEAN,1936,SSB_MSYBtrigger,2.17016606899159
MEAN,1937,SSB_MSYBtrigger,2.15216196896028
MEAN,1938,SSB_MSYBtrigger,2.13089379501025
MEAN,1939,SSB_MSYBtrigger,2.11919629933773
MEAN,1940,SSB_MSYBtrigger,2.10551968192264
MEAN,1941,SSB_MSYBtrigger,2.10823728192737
MEAN,1942,SSB_MSYBtrigger,2.11215121671678
MEAN,1943,SSB_MSYBtrigger,2.11336232106672
MEAN,1944,SSB_MSYBtrigger,2.11822150803169
MEAN,1945,SSB_MSYBtrigger,2.12303638630093
MEAN,1946,SSB_MSYBtrigger,2.1297122297908
MEAN,1947,SSB_MSYBtrigger,2.13017008631334
MEAN,1948,SSB_MSYBtrigger,2.12188436021197
MEAN,1949,SSB_MSYBtrigger,2.11017209497421
MEAN,1950,SSB_MSYBtrigger,2.09383695581537
MEAN,1951,SSB_MSYBtrigger,2.07567039056638
MEAN,1952,SSB_MSYBtrigger,2.04297057311821
MEAN,1953,SSB_MSYBtrigger,2.003949381746
MEAN,1954,SSB_MSYBtrigger,1.96993507299119
MEAN,1955,SSB_MSYBtrigger,1.9338677946676
MEAN,1956,SSB_MSYBtrigger,1.89548169460084
MEAN,1957,SSB_MSYBtrigger,1.8528862684398
MEAN,1958,SSB_MSYBtrigger,1.81374692054565
MEAN,1959,SSB_MSYBtrigger,1.76872928568475
MEAN,1960,SSB_MSYBtrigger,1.7289400769199
MEAN,1961,SSB_MSYBtrigger,1.68030389857444
MEAN,1962,SSB_MSYBtrigger,1.62698576804693
MEAN,1963,SSB_MSYBtrigger,1.57498212882606
MEAN,1964,SSB_MSYBtrigger,1.51591863741899
MEAN,1965,SSB_MSYBtrigger,1.46020045253948
MEAN,1966,SSB_MSYBtrigger,1.42039647420939
MEAN,1967,SSB_MSYBtrigger,1.38988255241719
MEAN,1968,SSB_MSYBtrigger,1.35648856540259
MEAN,1969,SSB_MSYBtrigger,1.30458240531232
MEAN,1970,SSB_MSYBtrigger,1.25858702523233
MEAN,1971,SSB_MSYBtrigger,1.21899277472868
MEAN,1972,SSB_MSYBtrigger,1.18221360336037
MEAN,1973,SSB_MSYBtrigger,1.13838048763197
MEAN,1974,SSB_MSYBtrigger,1.0963300584284
MEAN,1975,SSB_MSYBtrigger,1.72545489670166
MEAN,1976,SSB_MSYBtrigger,1.62387007508847
MEAN,1977,SSB_MSYBtrigger,1.5745053199974
MEAN,1978,SSB_MSYBtrigger,1.5779204606286
MEAN,1979,SSB_MSYBtrigger,1.71073968953653
MEAN,1980,SSB_MSYBtrigger,1.8740579196845
MEAN,1981,SSB_MSYBtrigger,1.83500659197236
MEAN,1982,SSB_MSYBtrigger,1.76574041155099
MEAN,1983,SSB_MSYBtrigger,1.71837933536486
MEAN,1984,SSB_MSYBtrigger,1.79760059905444
MEAN,1985,SSB_MSYBtrigger,1.75950309808274
MEAN,1986,SSB_MSYBtrigger,1.7683320075752
MEAN,1987,SSB_MSYBtrigger,1.75229587181218
MEAN,1988,SSB_MSYBtrigger,1.74883285234347
MEAN,1989,SSB_MSYBtrigger,1.64207810010279
MEAN,1990,SSB_MSYBtrigger,1.54913158027995
MEAN,1991,SSB_MSYBtrigger,1.43059190698955
MEAN,1992,SSB_MSYBtrigger,1.47216625015441
MEAN,1993,SSB_MSYBtrigger,1.45064654847886
MEAN,1994,SSB_MSYBtrigger,1.33741425762551
MEAN,1995,SSB_MSYBtrigger,1.22641717737906
MEAN,1996,SSB_MSYBtrigger,1.17002907812393
MEAN,1997,SSB_MSYBtrigger,1.133347193892
MEAN,1998,SSB_MSYBtrigger,1.1076141282638
MEAN,1999,SSB_MSYBtrigger,1.08578235916616
MEAN,2000,SSB_MSYBtrigger,1.0563509842262
MEAN,2001,SSB_MSYBtrigger,1.07923114687302
MEAN,2002,SSB_MSYBtrigger,1.0853653775351
MEAN,2003,SSB_MSYBtrigger,1.13086320597358
MEAN,2004,SSB_MSYBtrigger,1.13660334366346
MEAN,2005,SSB_MSYBtrigger,1.17529869816048
MEAN,2006,SSB_MSYBtrigger,1.17497247922233
MEAN,2007,SSB_MSYBtrigger,1.1153595669643
MEAN,2008,SSB_MSYBtrigger,1.10988077546608
MEAN,2009,SSB_MSYBtrigger,1.10798813267924
MEAN,2010,SSB_MSYBtrigger,1.17399999159034
MEAN,2011,SSB_MSYBtrigger,1.24554650252249
MEAN,2012,SSB_MSYBtrigger,1.28927418257962
MEAN,2013,SSB_MSYBtrigger,1.32317762808719
MEAN,2014,SSB_MSYBtrigger,1.42677092219552
MEAN,2015,SSB_MSYBtrigger,1.4724841578742
MEAN,2016,SSB_MSYBtrigger,1.54714467902427
MEAN,2017,SSB_MSYBtrigger,1.6413049236347
MEAN,2018,SSB_MSYBtrigger,1.65494538527128
MEAN,2019,SSB_MSYBtrigger,1.67345637232868
MEAN,2020,SSB_MSYBtrigger,1.74864405358556
MEAN,2021,SSB_MSYBtrigger,1.96338015428373
MEAN,2022,SSB_MSYBtrigger,1.51273911111111
MEAN,1905,SSB_SSBMEAN,5.27821539308205
MEAN,1906,SSB_SSBMEAN,5.25483045488351
MEAN,1907,SSB_SSBMEAN,5.24890979867765
MEAN,1908,SSB_SSBMEAN,5.2459329324289
MEAN,1909,SSB_SSBMEAN,5.24328682909668
MEAN,1910,SSB_SSBMEAN,5.2389207585985
MEAN,1911,SSB_SSBMEAN,5.23644003672454
MEAN,1912,SSB_SSBMEAN,5.232967026101
MEAN,1913,SSB_SSBMEAN,5.22578947081233
MEAN,1914,SSB_SSBMEAN,5.21639580398293
MEAN,1915,SSB_SSBMEAN,5.21216203865137
MEAN,1916,SSB_SSBMEAN,5.20849057027791
MEAN,1917,SSB_SSBMEAN,5.2118643520265
MEAN,1918,SSB_SSBMEAN,5.21589965960814
MEAN,1919,SSB_SSBMEAN,5.2195049753983
MEAN,1920,SSB_SSBMEAN,5.21596581219145
MEAN,1921,SSB_SSBMEAN,5.20703521344518
MEAN,1922,SSB_SSBMEAN,5.19562389282496
MEAN,1923,SSB_SSBMEAN,5.18464256399623
MEAN,1924,SSB_SSBMEAN,5.17356200629253
MEAN,1925,SSB_SSBMEAN,5.16092686288115
MEAN,1926,SSB_SSBMEAN,5.14796095655325
MEAN,1927,SSB_SSBMEAN,5.13406891405906
MEAN,1928,SSB_SSBMEAN,5.11753076823265
MEAN,1929,SSB_SSBMEAN,5.09844574794898
MEAN,1930,SSB_SSBMEAN,5.08127915258116
MEAN,1931,SSB_SSBMEAN,5.05693500192469
MEAN,1932,SSB_SSBMEAN,5.03437697101746
MEAN,1933,SSB_SSBMEAN,4.99749690582457
MEAN,1934,SSB_SSBMEAN,4.95142163155219
MEAN,1935,SSB_SSBMEAN,4.90749631623725
MEAN,1936,SSB_SSBMEAN,4.8600649140071
MEAN,1937,SSB_SSBMEAN,4.81974491448232
MEAN,1938,SSB_SSBMEAN,4.77211505450225
MEAN,1939,SSB_SSBMEAN,4.74591863151322
MEAN,1940,SSB_SSBMEAN,4.71528998544271
MEAN,1941,SSB_SSBMEAN,4.72137602310683
MEAN,1942,SSB_SSBMEAN,4.73014124039483
MEAN,1943,SSB_SSBMEAN,4.73285349631036
MEAN,1944,SSB_SSBMEAN,4.74373559626413
MEAN,1945,SSB_SSBMEAN,4.75451846734295
MEAN,1946,SSB_SSBMEAN,4.76946895117003
MEAN,1947,SSB_SSBMEAN,4.77049431621127
MEAN,1948,SSB_SSBMEAN,4.75193851659403
MEAN,1949,SSB_SSBMEAN,4.72570901731335
MEAN,1950,SSB_SSBMEAN,4.68912663874533
MEAN,1951,SSB_SSBMEAN,4.64844280001236
MEAN,1952,SSB_SSBMEAN,4.57521189029302
MEAN,1953,SSB_SSBMEAN,4.48782432774627
MEAN,1954,SSB_SSBMEAN,4.41164962806982
MEAN,1955,SSB_SSBMEAN,4.33087732385364
MEAN,1956,SSB_SSBMEAN,4.24491204184796
MEAN,1957,SSB_SSBMEAN,4.14952001672122
MEAN,1958,SSB_SSBMEAN,4.06186784384125
MEAN,1959,SSB_SSBMEAN,3.96105130688346
MEAN,1960,SSB_SSBMEAN,3.87194377717076
MEAN,1961,SSB_SSBMEAN,3.76302354875802
MEAN,1962,SSB_SSBMEAN,3.64361813589134
MEAN,1963,SSB_SSBMEAN,3.52715651298176
MEAN,1964,SSB_SSBMEAN,3.39488442266214
MEAN,1965,SSB_SSBMEAN,3.27010411240187
MEAN,1966,SSB_SSBMEAN,3.18096350639752
MEAN,1967,SSB_SSBMEAN,3.1126278878428
MEAN,1968,SSB_SSBMEAN,3.03784239241577
MEAN,1969,SSB_SSBMEAN,2.9215990730311
MEAN,1970,SSB_SSBMEAN,2.81859288556589
MEAN,1971,SSB_SSBMEAN,2.72992196290301
MEAN,1972,SSB_SSBMEAN,2.64755538142916
MEAN,1973,SSB_SSBMEAN,2.54939156306192
MEAN,1974,SSB_SSBMEAN,2.45522005309717
MEAN,1975,SSB_SSBMEAN,2.37467597529339
MEAN,1976,SSB_SSBMEAN,2.30132268329493
MEAN,1977,SSB_SSBMEAN,2.22944790153336
MEAN,1978,SSB_SSBMEAN,2.4947629706761
MEAN,1979,SSB_SSBMEAN,2.8582246554828
MEAN,1980,SSB_SSBMEAN,2.44719706660635
MEAN,1981,SSB_SSBMEAN,2.2441896341416
MEAN,1982,SSB_SSBMEAN,2.00534698613086
MEAN,1983,SSB_SSBMEAN,1.95618626836159
MEAN,1984,SSB_SSBMEAN,2.18423204519463
MEAN,1985,SSB_SSBMEAN,2.2564219291235
MEAN,1986,SSB_SSBMEAN,1.97375643230874
MEAN,1987,SSB_SSBMEAN,1.84235773453872
MEAN,1988,SSB_SSBMEAN,1.76847768104087
MEAN,1989,SSB_SSBMEAN,1.50238305826564
MEAN,1990,SSB_SSBMEAN,1.4043735366132
MEAN,1991,SSB_SSBMEAN,1.29512546618858
MEAN,1992,SSB_SSBMEAN,1.21707026493183
MEAN,1993,SSB_SSBMEAN,1.19329879097743
MEAN,1994,SSB_SSBMEAN,1.09770431514415
MEAN,1995,SSB_SSBMEAN,1.07833965175045
MEAN,1996,SSB_SSBMEAN,1.03856025774586
MEAN,1997,SSB_SSBMEAN,1.04618115427344
MEAN,1998,SSB_SSBMEAN,1.09139014944143
MEAN,1999,SSB_SSBMEAN,1.0905803201256
MEAN,2000,SSB_SSBMEAN,0.980829152626394
MEAN,2001,SSB_SSBMEAN,1.00084520840293
MEAN,2002,SSB_SSBMEAN,0.993749701371975
MEAN,2003,SSB_SSBMEAN,1.04544916627292
MEAN,2004,SSB_SSBMEAN,1.06670565910937
MEAN,2005,SSB_SSBMEAN,0.915895622502681
MEAN,2006,SSB_SSBMEAN,0.891446163627757
MEAN,2007,SSB_SSBMEAN,0.874441977280152
MEAN,2008,SSB_SSBMEAN,0.894648729283317
MEAN,2009,SSB_SSBMEAN,0.985840663698198
MEAN,2010,SSB_SSBMEAN,1.1166026483061
MEAN,2011,SSB_SSBMEAN,1.29602382580595
MEAN,2012,SSB_SSBMEAN,1.47058959665447
MEAN,2013,SSB_SSBMEAN,1.43910468146427
MEAN,2014,SSB_SSBMEAN,1.5816627050729
MEAN,2015,SSB_SSBMEAN,1.67326157759869
MEAN,2016,SSB_SSBMEAN,1.77526264127381
MEAN,2017,SSB_SSBMEAN,1.79475080318074
MEAN,2018,SSB_SSBMEAN,1.85157529133042
MEAN,2019,SSB_SSBMEAN,1.78335459984455
MEAN,2020,SSB_SSBMEAN,1.9077635999574
MEAN,2021,SSB_SSBMEAN,2.34741469153123
MEAN,2022,SSB_SSBMEAN,2.82580208347225
